ds,y,crop,market,state,district
2025-02-08,2283.66,rice,patna,Bihar,Patna
2025-02-09,2294.83,rice,patna,Bihar,Patna
2025-02-10,2332.52,rice,patna,Bihar,Patna
2025-02-11,2336.82,rice,patna,Bihar,Patna
2025-02-12,2296.84,rice,patna,Bihar,Patna
2025-02-13,2303.44,rice,patna,Bihar,Patna
2025-02-14,2330.55,rice,patna,Bihar,Patna
2025-02-15,2343.47,rice,patna,Bihar,Patna
2025-02-16,2362.93,rice,patna,Bihar,Patna
2025-02-17,2355.76,rice,patna,Bihar,Patna
2025-02-18,2363.91,rice,patna,Bihar,Patna
2025-02-19,2342.09,rice,patna,Bihar,Patna
2025-02-20,2317.03,rice,patna,Bihar,Patna
2025-02-21,2325.05,rice,patna,Bihar,Patna
2025-02-22,2322.03,rice,patna,Bihar,Patna
2025-02-23,2310.49,rice,patna,Bihar,Patna
2025-02-24,2319.01,rice,patna,Bihar,Patna
2025-02-25,2284.15,rice,patna,Bihar,Patna
2025-02-26,2282.35,rice,patna,Bihar,Patna
2025-02-27,2254.64,rice,patna,Bihar,Patna
2025-02-28,2251.45,rice,patna,Bihar,Patna
2025-03-01,2256.6,rice,patna,Bihar,Patna
2025-03-02,2292.82,rice,patna,Bihar,Patna
2025-03-03,2281.46,rice,patna,Bihar,Patna
2025-03-04,2272.5,rice,patna,Bihar,Patna
2025-03-05,2264.13,rice,patna,Bihar,Patna
2025-03-06,2273.42,rice,patna,Bihar,Patna
2025-03-07,2285.07,rice,patna,Bihar,Patna
2025-03-08,2311.3,rice,patna,Bihar,Patna
2025-03-09,2338.14,rice,patna,Bihar,Patna
2025-03-10,2375.19,rice,patna,Bihar,Patna
2025-03-11,2347.9,rice,patna,Bihar,Patna
2025-03-12,2343.52,rice,patna,Bihar,Patna
2025-03-13,2341.68,rice,patna,Bihar,Patna
2025-03-14,2372.41,rice,patna,Bihar,Patna
2025-03-15,2400.93,rice,patna,Bihar,Patna
2025-03-16,2406.29,rice,patna,Bihar,Patna
2025-03-17,2404.94,rice,patna,Bihar,Patna
2025-03-18,2396.88,rice,patna,Bihar,Patna
2025-03-19,2398.04,rice,patna,Bihar,Patna
2025-03-20,2386.19,rice,patna,Bihar,Patna
2025-03-21,2381.94,rice,patna,Bihar,Patna
2025-03-22,2374.39,rice,patna,Bihar,Patna
2025-03-23,2390.68,rice,patna,Bihar,Patna
2025-03-24,2383.22,rice,patna,Bihar,Patna
2025-03-25,2364.64,rice,patna,Bihar,Patna
2025-03-26,2346.76,rice,patna,Bihar,Patna
2025-03-27,2319.64,rice,patna,Bihar,Patna
2025-03-28,2319.93,rice,patna,Bihar,Patna
2025-03-29,2319.42,rice,patna,Bihar,Patna
2025-03-30,2330.66,rice,patna,Bihar,Patna
2025-03-31,2334.81,rice,patna,Bihar,Patna
2025-04-01,2298.85,rice,patna,Bihar,Patna
2025-04-02,2298.09,rice,patna,Bihar,Patna
2025-04-03,2290.12,rice,patna,Bihar,Patna
2025-04-04,2297.42,rice,patna,Bihar,Patna
2025-04-05,2323.76,rice,patna,Bihar,Patna
2025-04-06,2368.74,rice,patna,Bihar,Patna
2025-04-07,2354.94,rice,patna,Bihar,Patna
2025-04-08,2379.23,rice,patna,Bihar,Patna
2025-04-09,2344.28,rice,patna,Bihar,Patna
2025-04-10,2363.19,rice,patna,Bihar,Patna
2025-04-11,2384.58,rice,patna,Bihar,Patna
2025-04-12,2414.68,rice,patna,Bihar,Patna
2025-04-13,2439.76,rice,patna,Bihar,Patna
2025-04-14,2451.92,rice,patna,Bihar,Patna
2025-04-15,2434.06,rice,patna,Bihar,Patna
2025-04-16,2420.36,rice,patna,Bihar,Patna
2025-04-17,2427.33,rice,patna,Bihar,Patna
2025-04-18,2416.67,rice,patna,Bihar,Patna
2025-04-19,2413.87,rice,patna,Bihar,Patna
2025-04-20,2423.68,rice,patna,Bihar,Patna
2025-04-21,2421.95,rice,patna,Bihar,Patna
2025-04-22,2419.99,rice,patna,Bihar,Patna
2025-04-23,2389.9,rice,patna,Bihar,Patna
2025-04-24,2375.99,rice,patna,Bihar,Patna
2025-04-25,2355.28,rice,patna,Bihar,Patna
2025-04-26,2366.09,rice,patna,Bihar,Patna
2025-04-27,2376.42,rice,patna,Bihar,Patna
2025-04-28,2360.72,rice,patna,Bihar,Patna
2025-04-29,2353.98,rice,patna,Bihar,Patna
2025-04-30,2320.79,rice,patna,Bihar,Patna
2025-05-01,2312.76,rice,patna,Bihar,Patna
2025-05-02,2316.49,rice,patna,Bihar,Patna
2025-05-03,2323.64,rice,patna,Bihar,Patna
2025-05-04,2363.01,rice,patna,Bihar,Patna
2025-05-05,2362.18,rice,patna,Bihar,Patna
2025-05-06,2367.14,rice,patna,Bihar,Patna
2025-05-07,2367.45,rice,patna,Bihar,Patna
2025-05-08,2368.56,rice,patna,Bihar,Patna
2025-05-09,2386.39,rice,patna,Bihar,Patna
2025-05-10,2403.0,rice,patna,Bihar,Patna
2025-05-11,2424.36,rice,patna,Bihar,Patna
2025-05-12,2442.13,rice,patna,Bihar,Patna
2025-05-13,2421.83,rice,patna,Bihar,Patna
2025-05-14,2416.02,rice,patna,Bihar,Patna
2025-05-15,2412.59,rice,patna,Bihar,Patna
2025-05-16,2422.47,rice,patna,Bihar,Patna
2025-05-17,2453.39,rice,patna,Bihar,Patna
2025-05-18,2449.47,rice,patna,Bihar,Patna
2025-05-19,2454.62,rice,patna,Bihar,Patna
2025-05-20,2458.26,rice,patna,Bihar,Patna
2025-05-21,2414.21,rice,patna,Bihar,Patna
2025-05-22,2407.59,rice,patna,Bihar,Patna
2025-05-23,2380.0,rice,patna,Bihar,Patna
2025-05-24,2391.28,rice,patna,Bihar,Patna
2025-05-25,2384.85,rice,patna,Bihar,Patna
2025-05-26,2384.57,rice,patna,Bihar,Patna
2025-05-27,2378.85,rice,patna,Bihar,Patna
2025-05-28,2323.67,rice,patna,Bihar,Patna
2025-05-29,2332.89,rice,patna,Bihar,Patna
2025-05-30,2329.07,rice,patna,Bihar,Patna
2025-05-31,2330.49,rice,patna,Bihar,Patna
2025-06-01,2334.04,rice,patna,Bihar,Patna
2025-06-02,2357.79,rice,patna,Bihar,Patna
2025-06-03,2345.16,rice,patna,Bihar,Patna
2025-06-04,2345.06,rice,patna,Bihar,Patna
2025-06-05,2340.94,rice,patna,Bihar,Patna
2025-06-06,2372.9,rice,patna,Bihar,Patna
2025-06-07,2375.37,rice,patna,Bihar,Patna
2025-06-08,2390.99,rice,patna,Bihar,Patna
2025-06-09,2419.84,rice,patna,Bihar,Patna
2025-06-10,2421.0,rice,patna,Bihar,Patna
2025-06-11,2428.47,rice,patna,Bihar,Patna
2025-06-12,2420.42,rice,patna,Bihar,Patna
2025-06-13,2424.32,rice,patna,Bihar,Patna
2025-06-14,2455.74,rice,patna,Bihar,Patna
2025-06-15,2439.74,rice,patna,Bihar,Patna
2025-06-16,2449.15,rice,patna,Bihar,Patna
2025-06-17,2432.91,rice,patna,Bihar,Patna
2025-06-18,2418.35,rice,patna,Bihar,Patna
2025-06-19,2389.29,rice,patna,Bihar,Patna
2025-06-20,2407.63,rice,patna,Bihar,Patna
2025-06-21,2400.69,rice,patna,Bihar,Patna
2025-06-22,2388.07,rice,patna,Bihar,Patna
2025-06-23,2384.77,rice,patna,Bihar,Patna
2025-06-24,2378.73,rice,patna,Bihar,Patna
2025-06-25,2357.63,rice,patna,Bihar,Patna
2025-06-26,2350.98,rice,patna,Bihar,Patna
2025-06-27,2356.04,rice,patna,Bihar,Patna
2025-06-28,2332.47,rice,patna,Bihar,Patna
2025-06-29,2324.1,rice,patna,Bihar,Patna
2025-06-30,2310.55,rice,patna,Bihar,Patna
2025-07-01,2328.66,rice,patna,Bihar,Patna
2025-07-02,2301.5,rice,patna,Bihar,Patna
2025-07-03,2300.23,rice,patna,Bihar,Patna
2025-07-04,2307.11,rice,patna,Bihar,Patna
2025-07-05,2334.37,rice,patna,Bihar,Patna
2025-07-06,2371.86,rice,patna,Bihar,Patna
2025-07-07,2374.32,rice,patna,Bihar,Patna
2025-07-08,2371.17,rice,patna,Bihar,Patna
2025-07-09,2355.39,rice,patna,Bihar,Patna
2025-07-10,2347.84,rice,patna,Bihar,Patna
2025-07-11,2374.43,rice,patna,Bihar,Patna
2025-07-12,2401.13,rice,patna,Bihar,Patna
2025-07-13,2442.7,rice,patna,Bihar,Patna
2025-07-14,2430.07,rice,patna,Bihar,Patna
2025-07-15,2431.8,rice,patna,Bihar,Patna
2025-07-16,2397.24,rice,patna,Bihar,Patna
2025-07-17,2375.71,rice,patna,Bihar,Patna
2025-07-18,2375.97,rice,patna,Bihar,Patna
2025-07-19,2384.97,rice,patna,Bihar,Patna
2025-07-20,2423.55,rice,patna,Bihar,Patna
2025-07-21,2380.46,rice,patna,Bihar,Patna
2025-07-22,2378.49,rice,patna,Bihar,Patna
2025-07-23,2329.31,rice,patna,Bihar,Patna
2025-07-24,2328.92,rice,patna,Bihar,Patna
2025-07-25,2313.66,rice,patna,Bihar,Patna
2025-07-26,2310.02,rice,patna,Bihar,Patna
2025-07-27,2315.69,rice,patna,Bihar,Patna
2025-07-28,2303.78,rice,patna,Bihar,Patna
2025-07-29,2301.31,rice,patna,Bihar,Patna
2025-07-30,2271.21,rice,patna,Bihar,Patna
2025-07-31,2250.95,rice,patna,Bihar,Patna
2025-08-01,2254.91,rice,patna,Bihar,Patna
2025-08-02,2289.78,rice,patna,Bihar,Patna
2025-08-03,2326.2,rice,patna,Bihar,Patna
2025-08-04,2319.9,rice,patna,Bihar,Patna
2025-08-05,2315.48,rice,patna,Bihar,Patna
2025-08-06,2314.35,rice,patna,Bihar,Patna
2025-08-07,2327.0,rice,patna,Bihar,Patna
2025-08-08,2327.57,rice,patna,Bihar,Patna
2025-08-09,2343.71,rice,patna,Bihar,Patna
2025-08-10,2384.65,rice,patna,Bihar,Patna
2025-08-11,2387.24,rice,patna,Bihar,Patna
2025-08-12,2396.25,rice,patna,Bihar,Patna
2025-08-13,2367.78,rice,patna,Bihar,Patna
2025-08-14,2342.24,rice,patna,Bihar,Patna
2025-08-15,2342.7,rice,patna,Bihar,Patna
2025-08-16,2389.32,rice,patna,Bihar,Patna
2025-08-17,2398.3,rice,patna,Bihar,Patna
2025-08-18,2370.9,rice,patna,Bihar,Patna
2025-08-19,2348.89,rice,patna,Bihar,Patna
2025-08-20,2344.17,rice,patna,Bihar,Patna
2025-08-21,2291.4,rice,patna,Bihar,Patna
2025-08-22,2284.72,rice,patna,Bihar,Patna
2025-08-23,2304.56,rice,patna,Bihar,Patna
2025-08-24,2293.99,rice,patna,Bihar,Patna
2025-08-25,2290.93,rice,patna,Bihar,Patna
2025-08-26,2269.5,rice,patna,Bihar,Patna
2025-08-27,2251.91,rice,patna,Bihar,Patna
2025-08-28,2249.1,rice,patna,Bihar,Patna
2025-08-29,2233.17,rice,patna,Bihar,Patna
2025-08-30,2252.67,rice,patna,Bihar,Patna
2025-08-31,2235.61,rice,patna,Bihar,Patna
2025-09-01,2266.59,rice,patna,Bihar,Patna
2025-09-02,2252.9,rice,patna,Bihar,Patna
2025-09-03,2240.14,rice,patna,Bihar,Patna
2025-09-04,2243.29,rice,patna,Bihar,Patna
2025-09-05,2263.09,rice,patna,Bihar,Patna
2025-09-06,2302.46,rice,patna,Bihar,Patna
2025-09-07,2299.94,rice,patna,Bihar,Patna
2025-09-08,2329.52,rice,patna,Bihar,Patna
2025-09-09,2322.47,rice,patna,Bihar,Patna
2025-09-10,2316.19,rice,patna,Bihar,Patna
2025-09-11,2328.1,rice,patna,Bihar,Patna
2025-09-12,2329.62,rice,patna,Bihar,Patna
2025-09-13,2354.63,rice,patna,Bihar,Patna
2025-09-14,2349.78,rice,patna,Bihar,Patna
2025-09-15,2343.35,rice,patna,Bihar,Patna
2025-09-16,2333.61,rice,patna,Bihar,Patna
2025-09-17,2315.85,rice,patna,Bihar,Patna
2025-09-18,2295.81,rice,patna,Bihar,Patna
2025-09-19,2273.25,rice,patna,Bihar,Patna
2025-09-20,2289.56,rice,patna,Bihar,Patna
2025-09-21,2292.94,rice,patna,Bihar,Patna
2025-09-22,2311.55,rice,patna,Bihar,Patna
2025-09-23,2282.32,rice,patna,Bihar,Patna
2025-09-24,2223.12,rice,patna,Bihar,Patna
2025-09-25,2210.79,rice,patna,Bihar,Patna
2025-09-26,2192.57,rice,patna,Bihar,Patna
2025-09-27,2211.64,rice,patna,Bihar,Patna
2025-09-28,2233.42,rice,patna,Bihar,Patna
2025-09-29,2246.82,rice,patna,Bihar,Patna
2025-09-30,2215.51,rice,patna,Bihar,Patna
2025-10-01,2204.75,rice,patna,Bihar,Patna
2025-10-02,2183.15,rice,patna,Bihar,Patna
2025-10-03,2218.31,rice,patna,Bihar,Patna
2025-10-04,2230.89,rice,patna,Bihar,Patna
2025-10-05,2261.66,rice,patna,Bihar,Patna
2025-10-06,2271.79,rice,patna,Bihar,Patna
2025-10-07,2282.29,rice,patna,Bihar,Patna
2025-10-08,2257.08,rice,patna,Bihar,Patna
2025-10-09,2260.24,rice,patna,Bihar,Patna
2025-10-10,2314.9,rice,patna,Bihar,Patna
2025-10-11,2294.23,rice,patna,Bihar,Patna
2025-10-12,2314.79,rice,patna,Bihar,Patna
2025-10-13,2355.41,rice,patna,Bihar,Patna
2025-10-14,2358.07,rice,patna,Bihar,Patna
2025-10-15,2290.73,rice,patna,Bihar,Patna
2025-10-16,2285.58,rice,patna,Bihar,Patna
2025-10-17,2290.46,rice,patna,Bihar,Patna
2025-10-18,2312.31,rice,patna,Bihar,Patna
2025-10-19,2283.53,rice,patna,Bihar,Patna
2025-10-20,2284.69,rice,patna,Bihar,Patna
2025-10-21,2275.54,rice,patna,Bihar,Patna
2025-10-22,2244.14,rice,patna,Bihar,Patna
2025-10-23,2213.53,rice,patna,Bihar,Patna
2025-10-24,2209.78,rice,patna,Bihar,Patna
2025-10-25,2200.26,rice,patna,Bihar,Patna
2025-10-26,2221.09,rice,patna,Bihar,Patna
2025-10-27,2219.45,rice,patna,Bihar,Patna
2025-10-28,2213.23,rice,patna,Bihar,Patna
2025-10-29,2188.11,rice,patna,Bihar,Patna
2025-10-30,2193.07,rice,patna,Bihar,Patna
2025-10-31,2207.72,rice,patna,Bihar,Patna
2025-11-01,2218.29,rice,patna,Bihar,Patna
2025-11-02,2243.32,rice,patna,Bihar,Patna
2025-11-03,2253.26,rice,patna,Bihar,Patna
2025-11-04,2253.93,rice,patna,Bihar,Patna
2025-11-05,2241.22,rice,patna,Bihar,Patna
2025-11-06,2255.54,rice,patna,Bihar,Patna
2025-11-07,2265.17,rice,patna,Bihar,Patna
2025-11-08,2315.7,rice,patna,Bihar,Patna
2025-11-09,2332.33,rice,patna,Bihar,Patna
2025-11-10,2328.58,rice,patna,Bihar,Patna
2025-11-11,2310.03,rice,patna,Bihar,Patna
2025-11-12,2292.93,rice,patna,Bihar,Patna
2025-11-13,2311.18,rice,patna,Bihar,Patna
2025-11-14,2301.51,rice,patna,Bihar,Patna
2025-11-15,2313.91,rice,patna,Bihar,Patna
2025-11-16,2294.96,rice,patna,Bihar,Patna
2025-11-17,2322.41,rice,patna,Bihar,Patna
2025-11-18,2297.52,rice,patna,Bihar,Patna
2025-11-19,2252.7,rice,patna,Bihar,Patna
2025-11-20,2239.73,rice,patna,Bihar,Patna
2025-11-21,2241.15,rice,patna,Bihar,Patna
2025-11-22,2242.34,rice,patna,Bihar,Patna
2025-11-23,2242.93,rice,patna,Bihar,Patna
2025-11-24,2240.77,rice,patna,Bihar,Patna
2025-11-25,2223.15,rice,patna,Bihar,Patna
2025-11-26,2208.4,rice,patna,Bihar,Patna
2025-11-27,2212.82,rice,patna,Bihar,Patna
2025-11-28,2168.57,rice,patna,Bihar,Patna
2025-11-29,2213.76,rice,patna,Bihar,Patna
2025-11-30,2238.26,rice,patna,Bihar,Patna
2025-12-01,2250.75,rice,patna,Bihar,Patna
2025-12-02,2242.38,rice,patna,Bihar,Patna
2025-12-03,2220.97,rice,patna,Bihar,Patna
2025-12-04,2248.07,rice,patna,Bihar,Patna
2025-12-05,2280.69,rice,patna,Bihar,Patna
2025-12-06,2268.0,rice,patna,Bihar,Patna
2025-12-07,2322.74,rice,patna,Bihar,Patna
2025-12-08,2322.85,rice,patna,Bihar,Patna
2025-12-09,2325.88,rice,patna,Bihar,Patna
2025-12-10,2306.15,rice,patna,Bihar,Patna
2025-12-11,2310.76,rice,patna,Bihar,Patna
2025-12-12,2337.32,rice,patna,Bihar,Patna
2025-12-13,2343.89,rice,patna,Bihar,Patna
2025-12-14,2370.49,rice,patna,Bihar,Patna
2025-12-15,2363.77,rice,patna,Bihar,Patna
2025-12-16,2339.58,rice,patna,Bihar,Patna
2025-12-17,2332.26,rice,patna,Bihar,Patna
2025-12-18,2298.11,rice,patna,Bihar,Patna
2025-12-19,2296.55,rice,patna,Bihar,Patna
2025-12-20,2286.94,rice,patna,Bihar,Patna
2025-12-21,2295.21,rice,patna,Bihar,Patna
2025-12-22,2279.87,rice,patna,Bihar,Patna
2025-12-23,2281.73,rice,patna,Bihar,Patna
2025-12-24,2232.88,rice,patna,Bihar,Patna
2025-12-25,2241.26,rice,patna,Bihar,Patna
2025-12-26,2229.75,rice,patna,Bihar,Patna
2025-12-27,2259.16,rice,patna,Bihar,Patna
2025-12-28,2269.59,rice,patna,Bihar,Patna
2025-12-29,2289.71,rice,patna,Bihar,Patna
2025-12-30,2273.01,rice,patna,Bihar,Patna
2025-12-31,2237.97,rice,patna,Bihar,Patna
2026-01-01,2256.31,rice,patna,Bihar,Patna
2026-01-02,2257.97,rice,patna,Bihar,Patna
2026-01-03,2292.32,rice,patna,Bihar,Patna
2026-01-04,2343.7,rice,patna,Bihar,Patna
2026-01-05,2349.67,rice,patna,Bihar,Patna
2026-01-06,2336.37,rice,patna,Bihar,Patna
2026-01-07,2328.5,rice,patna,Bihar,Patna
2026-01-08,2341.44,rice,patna,Bihar,Patna
2026-01-09,2338.27,rice,patna,Bihar,Patna
2026-01-10,2365.17,rice,patna,Bihar,Patna
2026-01-11,2395.05,rice,patna,Bihar,Patna
2026-01-12,2410.27,rice,patna,Bihar,Patna
2026-01-13,2393.22,rice,patna,Bihar,Patna
2026-01-14,2339.78,rice,patna,Bihar,Patna
2026-01-15,2356.09,rice,patna,Bihar,Patna
2026-01-16,2349.91,rice,patna,Bihar,Patna
2026-01-17,2359.81,rice,patna,Bihar,Patna
2026-01-18,2379.07,rice,patna,Bihar,Patna
2026-01-19,2328.66,rice,patna,Bihar,Patna
2026-01-20,2326.87,rice,patna,Bihar,Patna
2026-01-21,2316.22,rice,patna,Bihar,Patna
2026-01-22,2272.18,rice,patna,Bihar,Patna
2026-01-23,2305.54,rice,patna,Bihar,Patna
2026-01-24,2301.31,rice,patna,Bihar,Patna
2026-01-25,2318.19,rice,patna,Bihar,Patna
2026-01-26,2304.03,rice,patna,Bihar,Patna
2026-01-27,2312.67,rice,patna,Bihar,Patna
2026-01-28,2304.26,rice,patna,Bihar,Patna
2026-01-29,2290.95,rice,patna,Bihar,Patna
2026-01-30,2302.98,rice,patna,Bihar,Patna
2026-01-31,2327.81,rice,patna,Bihar,Patna
2026-02-01,2340.02,rice,patna,Bihar,Patna
2026-02-02,2364.81,rice,patna,Bihar,Patna
2026-02-03,2368.24,rice,patna,Bihar,Patna
2026-02-04,2372.28,rice,patna,Bihar,Patna
2026-02-05,2382.67,rice,patna,Bihar,Patna
2026-02-06,2373.2,rice,patna,Bihar,Patna
2026-02-07,2408.82,rice,patna,Bihar,Patna
2026-02-08,2450.73,rice,patna,Bihar,Patna
2026-02-09,2433.98,rice,patna,Bihar,Patna
2026-02-10,2427.49,rice,patna,Bihar,Patna
2026-02-11,2425.96,rice,patna,Bihar,Patna
2026-02-12,2423.33,rice,patna,Bihar,Patna
2026-02-13,2413.93,rice,patna,Bihar,Patna
2026-02-14,2438.85,rice,patna,Bihar,Patna
2026-02-15,2440.5,rice,patna,Bihar,Patna
2026-02-16,2435.63,rice,patna,Bihar,Patna
2026-02-17,2413.28,rice,patna,Bihar,Patna
2026-02-18,2409.29,rice,patna,Bihar,Patna
2026-02-19,2359.49,rice,patna,Bihar,Patna
2026-02-20,2332.22,rice,patna,Bihar,Patna
2026-02-21,2381.4,rice,patna,Bihar,Patna
2026-02-22,2363.94,rice,patna,Bihar,Patna
2026-02-23,2369.19,rice,patna,Bihar,Patna
2026-02-24,2370.94,rice,patna,Bihar,Patna
2026-02-25,2319.73,rice,patna,Bihar,Patna
2026-02-26,2315.93,rice,patna,Bihar,Patna
2026-02-27,2319.32,rice,patna,Bihar,Patna
2026-02-28,2349.47,rice,patna,Bihar,Patna
2026-03-01,2386.81,rice,patna,Bihar,Patna
2026-03-02,2401.54,rice,patna,Bihar,Patna
2026-03-03,2400.46,rice,patna,Bihar,Patna
2026-03-04,2377.19,rice,patna,Bihar,Patna
2026-03-05,2369.78,rice,patna,Bihar,Patna
2026-03-06,2414.71,rice,patna,Bihar,Patna
2026-03-07,2435.05,rice,patna,Bihar,Patna
2026-03-08,2471.88,rice,patna,Bihar,Patna
2026-03-09,2488.43,rice,patna,Bihar,Patna
2026-03-10,2480.29,rice,patna,Bihar,Patna
2026-03-11,2478.4,rice,patna,Bihar,Patna
2026-03-12,2466.26,rice,patna,Bihar,Patna
2026-03-13,2474.91,rice,patna,Bihar,Patna
2026-03-14,2473.32,rice,patna,Bihar,Patna
2026-03-15,2490.55,rice,patna,Bihar,Patna
2026-03-16,2493.31,rice,patna,Bihar,Patna
2026-03-17,2484.01,rice,patna,Bihar,Patna
2026-03-18,2445.35,rice,patna,Bihar,Patna
2026-03-19,2437.12,rice,patna,Bihar,Patna
2026-03-20,2421.18,rice,patna,Bihar,Patna
2026-03-21,2427.03,rice,patna,Bihar,Patna
2026-03-22,2442.95,rice,patna,Bihar,Patna
2026-03-23,2404.0,rice,patna,Bihar,Patna
2026-03-24,2395.46,rice,patna,Bihar,Patna
2026-03-25,2372.22,rice,patna,Bihar,Patna
2026-03-26,2348.94,rice,patna,Bihar,Patna
2026-03-27,2371.22,rice,patna,Bihar,Patna
2026-03-28,2403.73,rice,patna,Bihar,Patna
2026-03-29,2409.07,rice,patna,Bihar,Patna
2026-03-30,2424.29,rice,patna,Bihar,Patna
2026-03-31,2433.25,rice,patna,Bihar,Patna
2026-04-01,2430.27,rice,patna,Bihar,Patna
2026-04-02,2414.94,rice,patna,Bihar,Patna
2026-04-03,2447.61,rice,patna,Bihar,Patna
2025-02-08,2421.11,wheat,lucknow,Uttar Pradesh,Lucknow
2025-02-09,2437.26,wheat,lucknow,Uttar Pradesh,Lucknow
2025-02-10,2456.38,wheat,lucknow,Uttar Pradesh,Lucknow
2025-02-11,2447.77,wheat,lucknow,Uttar Pradesh,Lucknow
2025-02-12,2449.6,wheat,lucknow,Uttar Pradesh,Lucknow
2025-02-13,2454.77,wheat,lucknow,Uttar Pradesh,Lucknow
2025-02-14,2478.66,wheat,lucknow,Uttar Pradesh,Lucknow
2025-02-15,2507.92,wheat,lucknow,Uttar Pradesh,Lucknow
2025-02-16,2486.54,wheat,lucknow,Uttar Pradesh,Lucknow
2025-02-17,2510.71,wheat,lucknow,Uttar Pradesh,Lucknow
2025-02-18,2480.87,wheat,lucknow,Uttar Pradesh,Lucknow
2025-02-19,2478.45,wheat,lucknow,Uttar Pradesh,Lucknow
2025-02-20,2454.67,wheat,lucknow,Uttar Pradesh,Lucknow
2025-02-21,2429.55,wheat,lucknow,Uttar Pradesh,Lucknow
2025-02-22,2467.56,wheat,lucknow,Uttar Pradesh,Lucknow
2025-02-23,2453.54,wheat,lucknow,Uttar Pradesh,Lucknow
2025-02-24,2448.18,wheat,lucknow,Uttar Pradesh,Lucknow
2025-02-25,2422.82,wheat,lucknow,Uttar Pradesh,Lucknow
2025-02-26,2403.95,wheat,lucknow,Uttar Pradesh,Lucknow
2025-02-27,2400.38,wheat,lucknow,Uttar Pradesh,Lucknow
2025-02-28,2391.4,wheat,lucknow,Uttar Pradesh,Lucknow
2025-03-01,2408.72,wheat,lucknow,Uttar Pradesh,Lucknow
2025-03-02,2422.49,wheat,lucknow,Uttar Pradesh,Lucknow
2025-03-03,2439.16,wheat,lucknow,Uttar Pradesh,Lucknow
2025-03-04,2413.52,wheat,lucknow,Uttar Pradesh,Lucknow
2025-03-05,2390.63,wheat,lucknow,Uttar Pradesh,Lucknow
2025-03-06,2419.83,wheat,lucknow,Uttar Pradesh,Lucknow
2025-03-07,2416.71,wheat,lucknow,Uttar Pradesh,Lucknow
2025-03-08,2459.72,wheat,lucknow,Uttar Pradesh,Lucknow
2025-03-09,2477.57,wheat,lucknow,Uttar Pradesh,Lucknow
2025-03-10,2487.91,wheat,lucknow,Uttar Pradesh,Lucknow
2025-03-11,2496.96,wheat,lucknow,Uttar Pradesh,Lucknow
2025-03-12,2513.08,wheat,lucknow,Uttar Pradesh,Lucknow
2025-03-13,2516.37,wheat,lucknow,Uttar Pradesh,Lucknow
2025-03-14,2505.85,wheat,lucknow,Uttar Pradesh,Lucknow
2025-03-15,2529.31,wheat,lucknow,Uttar Pradesh,Lucknow
2025-03-16,2560.57,wheat,lucknow,Uttar Pradesh,Lucknow
2025-03-17,2544.87,wheat,lucknow,Uttar Pradesh,Lucknow
2025-03-18,2550.77,wheat,lucknow,Uttar Pradesh,Lucknow
2025-03-19,2529.92,wheat,lucknow,Uttar Pradesh,Lucknow
2025-03-20,2521.04,wheat,lucknow,Uttar Pradesh,Lucknow
2025-03-21,2505.43,wheat,lucknow,Uttar Pradesh,Lucknow
2025-03-22,2503.3,wheat,lucknow,Uttar Pradesh,Lucknow
2025-03-23,2503.02,wheat,lucknow,Uttar Pradesh,Lucknow
2025-03-24,2508.41,wheat,lucknow,Uttar Pradesh,Lucknow
2025-03-25,2496.51,wheat,lucknow,Uttar Pradesh,Lucknow
2025-03-26,2472.79,wheat,lucknow,Uttar Pradesh,Lucknow
2025-03-27,2480.21,wheat,lucknow,Uttar Pradesh,Lucknow
2025-03-28,2465.06,wheat,lucknow,Uttar Pradesh,Lucknow
2025-03-29,2447.06,wheat,lucknow,Uttar Pradesh,Lucknow
2025-03-30,2471.36,wheat,lucknow,Uttar Pradesh,Lucknow
2025-03-31,2462.35,wheat,lucknow,Uttar Pradesh,Lucknow
2025-04-01,2452.93,wheat,lucknow,Uttar Pradesh,Lucknow
2025-04-02,2444.15,wheat,lucknow,Uttar Pradesh,Lucknow
2025-04-03,2443.2,wheat,lucknow,Uttar Pradesh,Lucknow
2025-04-04,2441.01,wheat,lucknow,Uttar Pradesh,Lucknow
2025-04-05,2479.83,wheat,lucknow,Uttar Pradesh,Lucknow
2025-04-06,2477.1,wheat,lucknow,Uttar Pradesh,Lucknow
2025-04-07,2505.41,wheat,lucknow,Uttar Pradesh,Lucknow
2025-04-08,2538.78,wheat,lucknow,Uttar Pradesh,Lucknow
2025-04-09,2507.16,wheat,lucknow,Uttar Pradesh,Lucknow
2025-04-10,2524.41,wheat,lucknow,Uttar Pradesh,Lucknow
2025-04-11,2523.73,wheat,lucknow,Uttar Pradesh,Lucknow
2025-04-12,2554.61,wheat,lucknow,Uttar Pradesh,Lucknow
2025-04-13,2570.54,wheat,lucknow,Uttar Pradesh,Lucknow
2025-04-14,2580.35,wheat,lucknow,Uttar Pradesh,Lucknow
2025-04-15,2568.9,wheat,lucknow,Uttar Pradesh,Lucknow
2025-04-16,2571.07,wheat,lucknow,Uttar Pradesh,Lucknow
2025-04-17,2546.82,wheat,lucknow,Uttar Pradesh,Lucknow
2025-04-18,2566.95,wheat,lucknow,Uttar Pradesh,Lucknow
2025-04-19,2582.2,wheat,lucknow,Uttar Pradesh,Lucknow
2025-04-20,2581.68,wheat,lucknow,Uttar Pradesh,Lucknow
2025-04-21,2569.55,wheat,lucknow,Uttar Pradesh,Lucknow
2025-04-22,2559.47,wheat,lucknow,Uttar Pradesh,Lucknow
2025-04-23,2524.48,wheat,lucknow,Uttar Pradesh,Lucknow
2025-04-24,2518.93,wheat,lucknow,Uttar Pradesh,Lucknow
2025-04-25,2478.43,wheat,lucknow,Uttar Pradesh,Lucknow
2025-04-26,2500.16,wheat,lucknow,Uttar Pradesh,Lucknow
2025-04-27,2485.02,wheat,lucknow,Uttar Pradesh,Lucknow
2025-04-28,2486.49,wheat,lucknow,Uttar Pradesh,Lucknow
2025-04-29,2504.86,wheat,lucknow,Uttar Pradesh,Lucknow
2025-04-30,2479.48,wheat,lucknow,Uttar Pradesh,Lucknow
2025-05-01,2448.48,wheat,lucknow,Uttar Pradesh,Lucknow
2025-05-02,2443.04,wheat,lucknow,Uttar Pradesh,Lucknow
2025-05-03,2442.42,wheat,lucknow,Uttar Pradesh,Lucknow
2025-05-04,2490.65,wheat,lucknow,Uttar Pradesh,Lucknow
2025-05-05,2536.85,wheat,lucknow,Uttar Pradesh,Lucknow
2025-05-06,2512.21,wheat,lucknow,Uttar Pradesh,Lucknow
2025-05-07,2494.96,wheat,lucknow,Uttar Pradesh,Lucknow
2025-05-08,2508.78,wheat,lucknow,Uttar Pradesh,Lucknow
2025-05-09,2499.67,wheat,lucknow,Uttar Pradesh,Lucknow
2025-05-10,2540.62,wheat,lucknow,Uttar Pradesh,Lucknow
2025-05-11,2570.63,wheat,lucknow,Uttar Pradesh,Lucknow
2025-05-12,2582.05,wheat,lucknow,Uttar Pradesh,Lucknow
2025-05-13,2591.57,wheat,lucknow,Uttar Pradesh,Lucknow
2025-05-14,2577.52,wheat,lucknow,Uttar Pradesh,Lucknow
2025-05-15,2576.48,wheat,lucknow,Uttar Pradesh,Lucknow
2025-05-16,2566.17,wheat,lucknow,Uttar Pradesh,Lucknow
2025-05-17,2599.37,wheat,lucknow,Uttar Pradesh,Lucknow
2025-05-18,2619.88,wheat,lucknow,Uttar Pradesh,Lucknow
2025-05-19,2587.52,wheat,lucknow,Uttar Pradesh,Lucknow
2025-05-20,2572.02,wheat,lucknow,Uttar Pradesh,Lucknow
2025-05-21,2574.51,wheat,lucknow,Uttar Pradesh,Lucknow
2025-05-22,2536.44,wheat,lucknow,Uttar Pradesh,Lucknow
2025-05-23,2548.05,wheat,lucknow,Uttar Pradesh,Lucknow
2025-05-24,2528.43,wheat,lucknow,Uttar Pradesh,Lucknow
2025-05-25,2553.71,wheat,lucknow,Uttar Pradesh,Lucknow
2025-05-26,2530.22,wheat,lucknow,Uttar Pradesh,Lucknow
2025-05-27,2511.87,wheat,lucknow,Uttar Pradesh,Lucknow
2025-05-28,2503.18,wheat,lucknow,Uttar Pradesh,Lucknow
2025-05-29,2463.33,wheat,lucknow,Uttar Pradesh,Lucknow
2025-05-30,2454.92,wheat,lucknow,Uttar Pradesh,Lucknow
2025-05-31,2472.24,wheat,lucknow,Uttar Pradesh,Lucknow
2025-06-01,2496.82,wheat,lucknow,Uttar Pradesh,Lucknow
2025-06-02,2478.14,wheat,lucknow,Uttar Pradesh,Lucknow
2025-06-03,2499.16,wheat,lucknow,Uttar Pradesh,Lucknow
2025-06-04,2475.81,wheat,lucknow,Uttar Pradesh,Lucknow
2025-06-05,2494.45,wheat,lucknow,Uttar Pradesh,Lucknow
2025-06-06,2464.95,wheat,lucknow,Uttar Pradesh,Lucknow
2025-06-07,2508.8,wheat,lucknow,Uttar Pradesh,Lucknow
2025-06-08,2523.04,wheat,lucknow,Uttar Pradesh,Lucknow
2025-06-09,2547.77,wheat,lucknow,Uttar Pradesh,Lucknow
2025-06-10,2561.34,wheat,lucknow,Uttar Pradesh,Lucknow
2025-06-11,2550.01,wheat,lucknow,Uttar Pradesh,Lucknow
2025-06-12,2547.36,wheat,lucknow,Uttar Pradesh,Lucknow
2025-06-13,2558.13,wheat,lucknow,Uttar Pradesh,Lucknow
2025-06-14,2580.62,wheat,lucknow,Uttar Pradesh,Lucknow
2025-06-15,2581.91,wheat,lucknow,Uttar Pradesh,Lucknow
2025-06-16,2605.31,wheat,lucknow,Uttar Pradesh,Lucknow
2025-06-17,2591.98,wheat,lucknow,Uttar Pradesh,Lucknow
2025-06-18,2567.65,wheat,lucknow,Uttar Pradesh,Lucknow
2025-06-19,2552.49,wheat,lucknow,Uttar Pradesh,Lucknow
2025-06-20,2543.56,wheat,lucknow,Uttar Pradesh,Lucknow
2025-06-21,2567.78,wheat,lucknow,Uttar Pradesh,Lucknow
2025-06-22,2544.67,wheat,lucknow,Uttar Pradesh,Lucknow
2025-06-23,2533.27,wheat,lucknow,Uttar Pradesh,Lucknow
2025-06-24,2505.92,wheat,lucknow,Uttar Pradesh,Lucknow
2025-06-25,2475.18,wheat,lucknow,Uttar Pradesh,Lucknow
2025-06-26,2452.08,wheat,lucknow,Uttar Pradesh,Lucknow
2025-06-27,2450.41,wheat,lucknow,Uttar Pradesh,Lucknow
2025-06-28,2466.65,wheat,lucknow,Uttar Pradesh,Lucknow
2025-06-29,2479.99,wheat,lucknow,Uttar Pradesh,Lucknow
2025-06-30,2476.75,wheat,lucknow,Uttar Pradesh,Lucknow
2025-07-01,2456.26,wheat,lucknow,Uttar Pradesh,Lucknow
2025-07-02,2462.06,wheat,lucknow,Uttar Pradesh,Lucknow
2025-07-03,2454.09,wheat,lucknow,Uttar Pradesh,Lucknow
2025-07-04,2452.54,wheat,lucknow,Uttar Pradesh,Lucknow
2025-07-05,2468.23,wheat,lucknow,Uttar Pradesh,Lucknow
2025-07-06,2505.65,wheat,lucknow,Uttar Pradesh,Lucknow
2025-07-07,2514.69,wheat,lucknow,Uttar Pradesh,Lucknow
2025-07-08,2495.7,wheat,lucknow,Uttar Pradesh,Lucknow
2025-07-09,2507.01,wheat,lucknow,Uttar Pradesh,Lucknow
2025-07-10,2511.08,wheat,lucknow,Uttar Pradesh,Lucknow
2025-07-11,2509.47,wheat,lucknow,Uttar Pradesh,Lucknow
2025-07-12,2544.06,wheat,lucknow,Uttar Pradesh,Lucknow
2025-07-13,2544.03,wheat,lucknow,Uttar Pradesh,Lucknow
2025-07-14,2584.54,wheat,lucknow,Uttar Pradesh,Lucknow
2025-07-15,2574.98,wheat,lucknow,Uttar Pradesh,Lucknow
2025-07-16,2540.2,wheat,lucknow,Uttar Pradesh,Lucknow
2025-07-17,2534.29,wheat,lucknow,Uttar Pradesh,Lucknow
2025-07-18,2498.63,wheat,lucknow,Uttar Pradesh,Lucknow
2025-07-19,2519.8,wheat,lucknow,Uttar Pradesh,Lucknow
2025-07-20,2534.48,wheat,lucknow,Uttar Pradesh,Lucknow
2025-07-21,2517.45,wheat,lucknow,Uttar Pradesh,Lucknow
2025-07-22,2517.0,wheat,lucknow,Uttar Pradesh,Lucknow
2025-07-23,2504.11,wheat,lucknow,Uttar Pradesh,Lucknow
2025-07-24,2443.62,wheat,lucknow,Uttar Pradesh,Lucknow
2025-07-25,2438.99,wheat,lucknow,Uttar Pradesh,Lucknow
2025-07-26,2454.73,wheat,lucknow,Uttar Pradesh,Lucknow
2025-07-27,2475.51,wheat,lucknow,Uttar Pradesh,Lucknow
2025-07-28,2436.97,wheat,lucknow,Uttar Pradesh,Lucknow
2025-07-29,2438.94,wheat,lucknow,Uttar Pradesh,Lucknow
2025-07-30,2438.53,wheat,lucknow,Uttar Pradesh,Lucknow
2025-07-31,2385.83,wheat,lucknow,Uttar Pradesh,Lucknow
2025-08-01,2394.87,wheat,lucknow,Uttar Pradesh,Lucknow
2025-08-02,2422.62,wheat,lucknow,Uttar Pradesh,Lucknow
2025-08-03,2441.0,wheat,lucknow,Uttar Pradesh,Lucknow
2025-08-04,2467.73,wheat,lucknow,Uttar Pradesh,Lucknow
2025-08-05,2459.8,wheat,lucknow,Uttar Pradesh,Lucknow
2025-08-06,2429.62,wheat,lucknow,Uttar Pradesh,Lucknow
2025-08-07,2457.51,wheat,lucknow,Uttar Pradesh,Lucknow
2025-08-08,2458.01,wheat,lucknow,Uttar Pradesh,Lucknow
2025-08-09,2503.94,wheat,lucknow,Uttar Pradesh,Lucknow
2025-08-10,2503.85,wheat,lucknow,Uttar Pradesh,Lucknow
2025-08-11,2514.46,wheat,lucknow,Uttar Pradesh,Lucknow
2025-08-12,2524.31,wheat,lucknow,Uttar Pradesh,Lucknow
2025-08-13,2514.73,wheat,lucknow,Uttar Pradesh,Lucknow
2025-08-14,2502.31,wheat,lucknow,Uttar Pradesh,Lucknow
2025-08-15,2478.89,wheat,lucknow,Uttar Pradesh,Lucknow
2025-08-16,2515.97,wheat,lucknow,Uttar Pradesh,Lucknow
2025-08-17,2505.21,wheat,lucknow,Uttar Pradesh,Lucknow
2025-08-18,2515.87,wheat,lucknow,Uttar Pradesh,Lucknow
2025-08-19,2476.4,wheat,lucknow,Uttar Pradesh,Lucknow
2025-08-20,2471.99,wheat,lucknow,Uttar Pradesh,Lucknow
2025-08-21,2435.01,wheat,lucknow,Uttar Pradesh,Lucknow
2025-08-22,2420.07,wheat,lucknow,Uttar Pradesh,Lucknow
2025-08-23,2445.4,wheat,lucknow,Uttar Pradesh,Lucknow
2025-08-24,2441.62,wheat,lucknow,Uttar Pradesh,Lucknow
2025-08-25,2423.62,wheat,lucknow,Uttar Pradesh,Lucknow
2025-08-26,2428.88,wheat,lucknow,Uttar Pradesh,Lucknow
2025-08-27,2382.57,wheat,lucknow,Uttar Pradesh,Lucknow
2025-08-28,2372.6,wheat,lucknow,Uttar Pradesh,Lucknow
2025-08-29,2375.31,wheat,lucknow,Uttar Pradesh,Lucknow
2025-08-30,2377.51,wheat,lucknow,Uttar Pradesh,Lucknow
2025-08-31,2405.86,wheat,lucknow,Uttar Pradesh,Lucknow
2025-09-01,2400.77,wheat,lucknow,Uttar Pradesh,Lucknow
2025-09-02,2398.07,wheat,lucknow,Uttar Pradesh,Lucknow
2025-09-03,2411.12,wheat,lucknow,Uttar Pradesh,Lucknow
2025-09-04,2381.34,wheat,lucknow,Uttar Pradesh,Lucknow
2025-09-05,2378.14,wheat,lucknow,Uttar Pradesh,Lucknow
2025-09-06,2450.8,wheat,lucknow,Uttar Pradesh,Lucknow
2025-09-07,2486.45,wheat,lucknow,Uttar Pradesh,Lucknow
2025-09-08,2464.29,wheat,lucknow,Uttar Pradesh,Lucknow
2025-09-09,2445.03,wheat,lucknow,Uttar Pradesh,Lucknow
2025-09-10,2456.39,wheat,lucknow,Uttar Pradesh,Lucknow
2025-09-11,2452.63,wheat,lucknow,Uttar Pradesh,Lucknow
2025-09-12,2460.88,wheat,lucknow,Uttar Pradesh,Lucknow
2025-09-13,2465.23,wheat,lucknow,Uttar Pradesh,Lucknow
2025-09-14,2498.59,wheat,lucknow,Uttar Pradesh,Lucknow
2025-09-15,2498.0,wheat,lucknow,Uttar Pradesh,Lucknow
2025-09-16,2458.36,wheat,lucknow,Uttar Pradesh,Lucknow
2025-09-17,2461.33,wheat,lucknow,Uttar Pradesh,Lucknow
2025-09-18,2458.32,wheat,lucknow,Uttar Pradesh,Lucknow
2025-09-19,2428.33,wheat,lucknow,Uttar Pradesh,Lucknow
2025-09-20,2424.42,wheat,lucknow,Uttar Pradesh,Lucknow
2025-09-21,2428.49,wheat,lucknow,Uttar Pradesh,Lucknow
2025-09-22,2428.73,wheat,lucknow,Uttar Pradesh,Lucknow
2025-09-23,2379.03,wheat,lucknow,Uttar Pradesh,Lucknow
2025-09-24,2375.33,wheat,lucknow,Uttar Pradesh,Lucknow
2025-09-25,2349.55,wheat,lucknow,Uttar Pradesh,Lucknow
2025-09-26,2372.31,wheat,lucknow,Uttar Pradesh,Lucknow
2025-09-27,2356.64,wheat,lucknow,Uttar Pradesh,Lucknow
2025-09-28,2389.65,wheat,lucknow,Uttar Pradesh,Lucknow
2025-09-29,2359.11,wheat,lucknow,Uttar Pradesh,Lucknow
2025-09-30,2371.31,wheat,lucknow,Uttar Pradesh,Lucknow
2025-10-01,2356.43,wheat,lucknow,Uttar Pradesh,Lucknow
2025-10-02,2338.49,wheat,lucknow,Uttar Pradesh,Lucknow
2025-10-03,2362.39,wheat,lucknow,Uttar Pradesh,Lucknow
2025-10-04,2398.19,wheat,lucknow,Uttar Pradesh,Lucknow
2025-10-05,2404.13,wheat,lucknow,Uttar Pradesh,Lucknow
2025-10-06,2402.01,wheat,lucknow,Uttar Pradesh,Lucknow
2025-10-07,2423.21,wheat,lucknow,Uttar Pradesh,Lucknow
2025-10-08,2407.34,wheat,lucknow,Uttar Pradesh,Lucknow
2025-10-09,2413.74,wheat,lucknow,Uttar Pradesh,Lucknow
2025-10-10,2428.37,wheat,lucknow,Uttar Pradesh,Lucknow
2025-10-11,2429.21,wheat,lucknow,Uttar Pradesh,Lucknow
2025-10-12,2448.57,wheat,lucknow,Uttar Pradesh,Lucknow
2025-10-13,2479.16,wheat,lucknow,Uttar Pradesh,Lucknow
2025-10-14,2456.93,wheat,lucknow,Uttar Pradesh,Lucknow
2025-10-15,2414.02,wheat,lucknow,Uttar Pradesh,Lucknow
2025-10-16,2439.42,wheat,lucknow,Uttar Pradesh,Lucknow
2025-10-17,2429.63,wheat,lucknow,Uttar Pradesh,Lucknow
2025-10-18,2423.0,wheat,lucknow,Uttar Pradesh,Lucknow
2025-10-19,2419.57,wheat,lucknow,Uttar Pradesh,Lucknow
2025-10-20,2437.67,wheat,lucknow,Uttar Pradesh,Lucknow
2025-10-21,2410.4,wheat,lucknow,Uttar Pradesh,Lucknow
2025-10-22,2407.51,wheat,lucknow,Uttar Pradesh,Lucknow
2025-10-23,2363.09,wheat,lucknow,Uttar Pradesh,Lucknow
2025-10-24,2356.04,wheat,lucknow,Uttar Pradesh,Lucknow
2025-10-25,2354.76,wheat,lucknow,Uttar Pradesh,Lucknow
2025-10-26,2373.75,wheat,lucknow,Uttar Pradesh,Lucknow
2025-10-27,2370.15,wheat,lucknow,Uttar Pradesh,Lucknow
2025-10-28,2365.47,wheat,lucknow,Uttar Pradesh,Lucknow
2025-10-29,2328.52,wheat,lucknow,Uttar Pradesh,Lucknow
2025-10-30,2322.18,wheat,lucknow,Uttar Pradesh,Lucknow
2025-10-31,2329.82,wheat,lucknow,Uttar Pradesh,Lucknow
2025-11-01,2365.92,wheat,lucknow,Uttar Pradesh,Lucknow
2025-11-02,2397.08,wheat,lucknow,Uttar Pradesh,Lucknow
2025-11-03,2387.11,wheat,lucknow,Uttar Pradesh,Lucknow
2025-11-04,2388.83,wheat,lucknow,Uttar Pradesh,Lucknow
2025-11-05,2393.65,wheat,lucknow,Uttar Pradesh,Lucknow
2025-11-06,2388.79,wheat,lucknow,Uttar Pradesh,Lucknow
2025-11-07,2417.76,wheat,lucknow,Uttar Pradesh,Lucknow
2025-11-08,2403.56,wheat,lucknow,Uttar Pradesh,Lucknow
2025-11-09,2443.53,wheat,lucknow,Uttar Pradesh,Lucknow
2025-11-10,2454.56,wheat,lucknow,Uttar Pradesh,Lucknow
2025-11-11,2431.34,wheat,lucknow,Uttar Pradesh,Lucknow
2025-11-12,2434.72,wheat,lucknow,Uttar Pradesh,Lucknow
2025-11-13,2425.91,wheat,lucknow,Uttar Pradesh,Lucknow
2025-11-14,2435.94,wheat,lucknow,Uttar Pradesh,Lucknow
2025-11-15,2461.51,wheat,lucknow,Uttar Pradesh,Lucknow
2025-11-16,2452.96,wheat,lucknow,Uttar Pradesh,Lucknow
2025-11-17,2438.91,wheat,lucknow,Uttar Pradesh,Lucknow
2025-11-18,2431.39,wheat,lucknow,Uttar Pradesh,Lucknow
2025-11-19,2418.61,wheat,lucknow,Uttar Pradesh,Lucknow
2025-11-20,2373.67,wheat,lucknow,Uttar Pradesh,Lucknow
2025-11-21,2367.06,wheat,lucknow,Uttar Pradesh,Lucknow
2025-11-22,2388.41,wheat,lucknow,Uttar Pradesh,Lucknow
2025-11-23,2383.78,wheat,lucknow,Uttar Pradesh,Lucknow
2025-11-24,2389.78,wheat,lucknow,Uttar Pradesh,Lucknow
2025-11-25,2366.01,wheat,lucknow,Uttar Pradesh,Lucknow
2025-11-26,2354.99,wheat,lucknow,Uttar Pradesh,Lucknow
2025-11-27,2322.74,wheat,lucknow,Uttar Pradesh,Lucknow
2025-11-28,2339.23,wheat,lucknow,Uttar Pradesh,Lucknow
2025-11-29,2354.08,wheat,lucknow,Uttar Pradesh,Lucknow
2025-11-30,2361.56,wheat,lucknow,Uttar Pradesh,Lucknow
2025-12-01,2368.44,wheat,lucknow,Uttar Pradesh,Lucknow
2025-12-02,2395.07,wheat,lucknow,Uttar Pradesh,Lucknow
2025-12-03,2377.84,wheat,lucknow,Uttar Pradesh,Lucknow
2025-12-04,2371.87,wheat,lucknow,Uttar Pradesh,Lucknow
2025-12-05,2398.81,wheat,lucknow,Uttar Pradesh,Lucknow
2025-12-06,2439.94,wheat,lucknow,Uttar Pradesh,Lucknow
2025-12-07,2425.01,wheat,lucknow,Uttar Pradesh,Lucknow
2025-12-08,2448.84,wheat,lucknow,Uttar Pradesh,Lucknow
2025-12-09,2455.54,wheat,lucknow,Uttar Pradesh,Lucknow
2025-12-10,2476.32,wheat,lucknow,Uttar Pradesh,Lucknow
2025-12-11,2458.17,wheat,lucknow,Uttar Pradesh,Lucknow
2025-12-12,2470.93,wheat,lucknow,Uttar Pradesh,Lucknow
2025-12-13,2463.21,wheat,lucknow,Uttar Pradesh,Lucknow
2025-12-14,2476.26,wheat,lucknow,Uttar Pradesh,Lucknow
2025-12-15,2495.02,wheat,lucknow,Uttar Pradesh,Lucknow
2025-12-16,2475.01,wheat,lucknow,Uttar Pradesh,Lucknow
2025-12-17,2457.92,wheat,lucknow,Uttar Pradesh,Lucknow
2025-12-18,2430.59,wheat,lucknow,Uttar Pradesh,Lucknow
2025-12-19,2429.95,wheat,lucknow,Uttar Pradesh,Lucknow
2025-12-20,2432.4,wheat,lucknow,Uttar Pradesh,Lucknow
2025-12-21,2443.74,wheat,lucknow,Uttar Pradesh,Lucknow
2025-12-22,2437.92,wheat,lucknow,Uttar Pradesh,Lucknow
2025-12-23,2390.42,wheat,lucknow,Uttar Pradesh,Lucknow
2025-12-24,2360.05,wheat,lucknow,Uttar Pradesh,Lucknow
2025-12-25,2383.89,wheat,lucknow,Uttar Pradesh,Lucknow
2025-12-26,2386.29,wheat,lucknow,Uttar Pradesh,Lucknow
2025-12-27,2372.85,wheat,lucknow,Uttar Pradesh,Lucknow
2025-12-28,2378.26,wheat,lucknow,Uttar Pradesh,Lucknow
2025-12-29,2409.05,wheat,lucknow,Uttar Pradesh,Lucknow
2025-12-30,2415.41,wheat,lucknow,Uttar Pradesh,Lucknow
2025-12-31,2418.4,wheat,lucknow,Uttar Pradesh,Lucknow
2026-01-01,2403.31,wheat,lucknow,Uttar Pradesh,Lucknow
2026-01-02,2407.57,wheat,lucknow,Uttar Pradesh,Lucknow
2026-01-03,2427.83,wheat,lucknow,Uttar Pradesh,Lucknow
2026-01-04,2465.71,wheat,lucknow,Uttar Pradesh,Lucknow
2026-01-05,2478.42,wheat,lucknow,Uttar Pradesh,Lucknow
2026-01-06,2472.58,wheat,lucknow,Uttar Pradesh,Lucknow
2026-01-07,2505.25,wheat,lucknow,Uttar Pradesh,Lucknow
2026-01-08,2502.47,wheat,lucknow,Uttar Pradesh,Lucknow
2026-01-09,2506.5,wheat,lucknow,Uttar Pradesh,Lucknow
2026-01-10,2502.17,wheat,lucknow,Uttar Pradesh,Lucknow
2026-01-11,2541.56,wheat,lucknow,Uttar Pradesh,Lucknow
2026-01-12,2544.08,wheat,lucknow,Uttar Pradesh,Lucknow
2026-01-13,2531.23,wheat,lucknow,Uttar Pradesh,Lucknow
2026-01-14,2522.27,wheat,lucknow,Uttar Pradesh,Lucknow
2026-01-15,2500.06,wheat,lucknow,Uttar Pradesh,Lucknow
2026-01-16,2497.93,wheat,lucknow,Uttar Pradesh,Lucknow
2026-01-17,2502.49,wheat,lucknow,Uttar Pradesh,Lucknow
2026-01-18,2503.77,wheat,lucknow,Uttar Pradesh,Lucknow
2026-01-19,2472.02,wheat,lucknow,Uttar Pradesh,Lucknow
2026-01-20,2474.96,wheat,lucknow,Uttar Pradesh,Lucknow
2026-01-21,2442.45,wheat,lucknow,Uttar Pradesh,Lucknow
2026-01-22,2415.8,wheat,lucknow,Uttar Pradesh,Lucknow
2026-01-23,2448.01,wheat,lucknow,Uttar Pradesh,Lucknow
2026-01-24,2457.63,wheat,lucknow,Uttar Pradesh,Lucknow
2026-01-25,2464.34,wheat,lucknow,Uttar Pradesh,Lucknow
2026-01-26,2453.94,wheat,lucknow,Uttar Pradesh,Lucknow
2026-01-27,2459.11,wheat,lucknow,Uttar Pradesh,Lucknow
2026-01-28,2431.59,wheat,lucknow,Uttar Pradesh,Lucknow
2026-01-29,2430.59,wheat,lucknow,Uttar Pradesh,Lucknow
2026-01-30,2427.04,wheat,lucknow,Uttar Pradesh,Lucknow
2026-01-31,2469.33,wheat,lucknow,Uttar Pradesh,Lucknow
2026-02-01,2491.11,wheat,lucknow,Uttar Pradesh,Lucknow
2026-02-02,2490.95,wheat,lucknow,Uttar Pradesh,Lucknow
2026-02-03,2509.46,wheat,lucknow,Uttar Pradesh,Lucknow
2026-02-04,2506.73,wheat,lucknow,Uttar Pradesh,Lucknow
2026-02-05,2532.25,wheat,lucknow,Uttar Pradesh,Lucknow
2026-02-06,2536.64,wheat,lucknow,Uttar Pradesh,Lucknow
2026-02-07,2550.46,wheat,lucknow,Uttar Pradesh,Lucknow
2026-02-08,2575.94,wheat,lucknow,Uttar Pradesh,Lucknow
2026-02-09,2583.44,wheat,lucknow,Uttar Pradesh,Lucknow
2026-02-10,2574.92,wheat,lucknow,Uttar Pradesh,Lucknow
2026-02-11,2550.55,wheat,lucknow,Uttar Pradesh,Lucknow
2026-02-12,2551.39,wheat,lucknow,Uttar Pradesh,Lucknow
2026-02-13,2544.84,wheat,lucknow,Uttar Pradesh,Lucknow
2026-02-14,2547.9,wheat,lucknow,Uttar Pradesh,Lucknow
2026-02-15,2576.35,wheat,lucknow,Uttar Pradesh,Lucknow
2026-02-16,2570.22,wheat,lucknow,Uttar Pradesh,Lucknow
2026-02-17,2525.19,wheat,lucknow,Uttar Pradesh,Lucknow
2026-02-18,2519.88,wheat,lucknow,Uttar Pradesh,Lucknow
2026-02-19,2513.9,wheat,lucknow,Uttar Pradesh,Lucknow
2026-02-20,2508.98,wheat,lucknow,Uttar Pradesh,Lucknow
2026-02-21,2514.45,wheat,lucknow,Uttar Pradesh,Lucknow
2026-02-22,2509.9,wheat,lucknow,Uttar Pradesh,Lucknow
2026-02-23,2497.76,wheat,lucknow,Uttar Pradesh,Lucknow
2026-02-24,2482.22,wheat,lucknow,Uttar Pradesh,Lucknow
2026-02-25,2483.09,wheat,lucknow,Uttar Pradesh,Lucknow
2026-02-26,2475.5,wheat,lucknow,Uttar Pradesh,Lucknow
2026-02-27,2493.98,wheat,lucknow,Uttar Pradesh,Lucknow
2026-02-28,2512.2,wheat,lucknow,Uttar Pradesh,Lucknow
2026-03-01,2519.94,wheat,lucknow,Uttar Pradesh,Lucknow
2026-03-02,2520.32,wheat,lucknow,Uttar Pradesh,Lucknow
2026-03-03,2533.32,wheat,lucknow,Uttar Pradesh,Lucknow
2026-03-04,2536.75,wheat,lucknow,Uttar Pradesh,Lucknow
2026-03-05,2535.07,wheat,lucknow,Uttar Pradesh,Lucknow
2026-03-06,2547.13,wheat,lucknow,Uttar Pradesh,Lucknow
2026-03-07,2583.75,wheat,lucknow,Uttar Pradesh,Lucknow
2026-03-08,2600.32,wheat,lucknow,Uttar Pradesh,Lucknow
2026-03-09,2612.47,wheat,lucknow,Uttar Pradesh,Lucknow
2026-03-10,2622.37,wheat,lucknow,Uttar Pradesh,Lucknow
2026-03-11,2604.45,wheat,lucknow,Uttar Pradesh,Lucknow
2026-03-12,2606.44,wheat,lucknow,Uttar Pradesh,Lucknow
2026-03-13,2611.82,wheat,lucknow,Uttar Pradesh,Lucknow
2026-03-14,2608.1,wheat,lucknow,Uttar Pradesh,Lucknow
2026-03-15,2626.93,wheat,lucknow,Uttar Pradesh,Lucknow
2026-03-16,2648.2,wheat,lucknow,Uttar Pradesh,Lucknow
2026-03-17,2600.22,wheat,lucknow,Uttar Pradesh,Lucknow
2026-03-18,2564.67,wheat,lucknow,Uttar Pradesh,Lucknow
2026-03-19,2548.53,wheat,lucknow,Uttar Pradesh,Lucknow
2026-03-20,2564.72,wheat,lucknow,Uttar Pradesh,Lucknow
2026-03-21,2568.81,wheat,lucknow,Uttar Pradesh,Lucknow
2026-03-22,2571.59,wheat,lucknow,Uttar Pradesh,Lucknow
2026-03-23,2582.49,wheat,lucknow,Uttar Pradesh,Lucknow
2026-03-24,2518.95,wheat,lucknow,Uttar Pradesh,Lucknow
2026-03-25,2534.76,wheat,lucknow,Uttar Pradesh,Lucknow
2026-03-26,2535.68,wheat,lucknow,Uttar Pradesh,Lucknow
2026-03-27,2505.82,wheat,lucknow,Uttar Pradesh,Lucknow
2026-03-28,2530.18,wheat,lucknow,Uttar Pradesh,Lucknow
2026-03-29,2543.46,wheat,lucknow,Uttar Pradesh,Lucknow
2026-03-30,2551.18,wheat,lucknow,Uttar Pradesh,Lucknow
2026-03-31,2556.27,wheat,lucknow,Uttar Pradesh,Lucknow
2026-04-01,2571.47,wheat,lucknow,Uttar Pradesh,Lucknow
2026-04-02,2577.81,wheat,lucknow,Uttar Pradesh,Lucknow
2026-04-03,2567.33,wheat,lucknow,Uttar Pradesh,Lucknow
2025-02-08,2002.86,maize,nagpur,Maharashtra,Nagpur
2025-02-09,2007.73,maize,nagpur,Maharashtra,Nagpur
2025-02-10,2044.56,maize,nagpur,Maharashtra,Nagpur
2025-02-11,2024.41,maize,nagpur,Maharashtra,Nagpur
2025-02-12,2021.83,maize,nagpur,Maharashtra,Nagpur
2025-02-13,2023.46,maize,nagpur,Maharashtra,Nagpur
2025-02-14,2067.16,maize,nagpur,Maharashtra,Nagpur
2025-02-15,2057.48,maize,nagpur,Maharashtra,Nagpur
2025-02-16,2054.64,maize,nagpur,Maharashtra,Nagpur
2025-02-17,2077.62,maize,nagpur,Maharashtra,Nagpur
2025-02-18,2049.02,maize,nagpur,Maharashtra,Nagpur
2025-02-19,2026.88,maize,nagpur,Maharashtra,Nagpur
2025-02-20,2027.14,maize,nagpur,Maharashtra,Nagpur
2025-02-21,2011.89,maize,nagpur,Maharashtra,Nagpur
2025-02-22,2019.76,maize,nagpur,Maharashtra,Nagpur
2025-02-23,2020.97,maize,nagpur,Maharashtra,Nagpur
2025-02-24,2018.63,maize,nagpur,Maharashtra,Nagpur
2025-02-25,2000.75,maize,nagpur,Maharashtra,Nagpur
2025-02-26,1948.56,maize,nagpur,Maharashtra,Nagpur
2025-02-27,1963.24,maize,nagpur,Maharashtra,Nagpur
2025-02-28,1941.89,maize,nagpur,Maharashtra,Nagpur
2025-03-01,1947.47,maize,nagpur,Maharashtra,Nagpur
2025-03-02,1977.45,maize,nagpur,Maharashtra,Nagpur
2025-03-03,1984.32,maize,nagpur,Maharashtra,Nagpur
2025-03-04,1969.31,maize,nagpur,Maharashtra,Nagpur
2025-03-05,1978.33,maize,nagpur,Maharashtra,Nagpur
2025-03-06,1950.92,maize,nagpur,Maharashtra,Nagpur
2025-03-07,1975.81,maize,nagpur,Maharashtra,Nagpur
2025-03-08,1999.33,maize,nagpur,Maharashtra,Nagpur
2025-03-09,2032.41,maize,nagpur,Maharashtra,Nagpur
2025-03-10,2052.83,maize,nagpur,Maharashtra,Nagpur
2025-03-11,2040.68,maize,nagpur,Maharashtra,Nagpur
2025-03-12,2058.36,maize,nagpur,Maharashtra,Nagpur
2025-03-13,2052.21,maize,nagpur,Maharashtra,Nagpur
2025-03-14,2042.32,maize,nagpur,Maharashtra,Nagpur
2025-03-15,2063.88,maize,nagpur,Maharashtra,Nagpur
2025-03-16,2107.51,maize,nagpur,Maharashtra,Nagpur
2025-03-17,2112.37,maize,nagpur,Maharashtra,Nagpur
2025-03-18,2105.53,maize,nagpur,Maharashtra,Nagpur
2025-03-19,2089.9,maize,nagpur,Maharashtra,Nagpur
2025-03-20,2079.98,maize,nagpur,Maharashtra,Nagpur
2025-03-21,2086.8,maize,nagpur,Maharashtra,Nagpur
2025-03-22,2069.04,maize,nagpur,Maharashtra,Nagpur
2025-03-23,2073.83,maize,nagpur,Maharashtra,Nagpur
2025-03-24,2068.7,maize,nagpur,Maharashtra,Nagpur
2025-03-25,2065.48,maize,nagpur,Maharashtra,Nagpur
2025-03-26,2051.24,maize,nagpur,Maharashtra,Nagpur
2025-03-27,2011.78,maize,nagpur,Maharashtra,Nagpur
2025-03-28,1981.77,maize,nagpur,Maharashtra,Nagpur
2025-03-29,1998.16,maize,nagpur,Maharashtra,Nagpur
2025-03-30,2017.19,maize,nagpur,Maharashtra,Nagpur
2025-03-31,2020.55,maize,nagpur,Maharashtra,Nagpur
2025-04-01,2011.44,maize,nagpur,Maharashtra,Nagpur
2025-04-02,2002.39,maize,nagpur,Maharashtra,Nagpur
2025-04-03,1992.02,maize,nagpur,Maharashtra,Nagpur
2025-04-04,2017.68,maize,nagpur,Maharashtra,Nagpur
2025-04-05,2018.95,maize,nagpur,Maharashtra,Nagpur
2025-04-06,2040.45,maize,nagpur,Maharashtra,Nagpur
2025-04-07,2071.08,maize,nagpur,Maharashtra,Nagpur
2025-04-08,2049.18,maize,nagpur,Maharashtra,Nagpur
2025-04-09,2069.16,maize,nagpur,Maharashtra,Nagpur
2025-04-10,2068.44,maize,nagpur,Maharashtra,Nagpur
2025-04-11,2080.86,maize,nagpur,Maharashtra,Nagpur
2025-04-12,2126.7,maize,nagpur,Maharashtra,Nagpur
2025-04-13,2123.76,maize,nagpur,Maharashtra,Nagpur
2025-04-14,2167.12,maize,nagpur,Maharashtra,Nagpur
2025-04-15,2135.54,maize,nagpur,Maharashtra,Nagpur
2025-04-16,2110.59,maize,nagpur,Maharashtra,Nagpur
2025-04-17,2117.88,maize,nagpur,Maharashtra,Nagpur
2025-04-18,2106.05,maize,nagpur,Maharashtra,Nagpur
2025-04-19,2120.16,maize,nagpur,Maharashtra,Nagpur
2025-04-20,2142.05,maize,nagpur,Maharashtra,Nagpur
2025-04-21,2139.65,maize,nagpur,Maharashtra,Nagpur
2025-04-22,2106.56,maize,nagpur,Maharashtra,Nagpur
2025-04-23,2100.04,maize,nagpur,Maharashtra,Nagpur
2025-04-24,2081.59,maize,nagpur,Maharashtra,Nagpur
2025-04-25,2077.64,maize,nagpur,Maharashtra,Nagpur
2025-04-26,2070.54,maize,nagpur,Maharashtra,Nagpur
2025-04-27,2085.27,maize,nagpur,Maharashtra,Nagpur
2025-04-28,2041.86,maize,nagpur,Maharashtra,Nagpur
2025-04-29,2044.68,maize,nagpur,Maharashtra,Nagpur
2025-04-30,2018.33,maize,nagpur,Maharashtra,Nagpur
2025-05-01,2018.54,maize,nagpur,Maharashtra,Nagpur
2025-05-02,2014.21,maize,nagpur,Maharashtra,Nagpur
2025-05-03,2036.0,maize,nagpur,Maharashtra,Nagpur
2025-05-04,2079.76,maize,nagpur,Maharashtra,Nagpur
2025-05-05,2065.77,maize,nagpur,Maharashtra,Nagpur
2025-05-06,2071.96,maize,nagpur,Maharashtra,Nagpur
2025-05-07,2058.89,maize,nagpur,Maharashtra,Nagpur
2025-05-08,2064.11,maize,nagpur,Maharashtra,Nagpur
2025-05-09,2078.48,maize,nagpur,Maharashtra,Nagpur
2025-05-10,2109.56,maize,nagpur,Maharashtra,Nagpur
2025-05-11,2143.42,maize,nagpur,Maharashtra,Nagpur
2025-05-12,2162.85,maize,nagpur,Maharashtra,Nagpur
2025-05-13,2145.8,maize,nagpur,Maharashtra,Nagpur
2025-05-14,2140.46,maize,nagpur,Maharashtra,Nagpur
2025-05-15,2114.65,maize,nagpur,Maharashtra,Nagpur
2025-05-16,2133.38,maize,nagpur,Maharashtra,Nagpur
2025-05-17,2159.88,maize,nagpur,Maharashtra,Nagpur
2025-05-18,2170.72,maize,nagpur,Maharashtra,Nagpur
2025-05-19,2161.7,maize,nagpur,Maharashtra,Nagpur
2025-05-20,2153.3,maize,nagpur,Maharashtra,Nagpur
2025-05-21,2124.37,maize,nagpur,Maharashtra,Nagpur
2025-05-22,2113.14,maize,nagpur,Maharashtra,Nagpur
2025-05-23,2094.68,maize,nagpur,Maharashtra,Nagpur
2025-05-24,2089.47,maize,nagpur,Maharashtra,Nagpur
2025-05-25,2100.28,maize,nagpur,Maharashtra,Nagpur
2025-05-26,2053.47,maize,nagpur,Maharashtra,Nagpur
2025-05-27,2073.36,maize,nagpur,Maharashtra,Nagpur
2025-05-28,2000.62,maize,nagpur,Maharashtra,Nagpur
2025-05-29,2006.99,maize,nagpur,Maharashtra,Nagpur
2025-05-30,2031.64,maize,nagpur,Maharashtra,Nagpur
2025-05-31,2043.35,maize,nagpur,Maharashtra,Nagpur
2025-06-01,2037.44,maize,nagpur,Maharashtra,Nagpur
2025-06-02,2048.38,maize,nagpur,Maharashtra,Nagpur
2025-06-03,2067.96,maize,nagpur,Maharashtra,Nagpur
2025-06-04,2036.46,maize,nagpur,Maharashtra,Nagpur
2025-06-05,2067.59,maize,nagpur,Maharashtra,Nagpur
2025-06-06,2053.66,maize,nagpur,Maharashtra,Nagpur
2025-06-07,2083.14,maize,nagpur,Maharashtra,Nagpur
2025-06-08,2122.68,maize,nagpur,Maharashtra,Nagpur
2025-06-09,2119.26,maize,nagpur,Maharashtra,Nagpur
2025-06-10,2106.34,maize,nagpur,Maharashtra,Nagpur
2025-06-11,2110.84,maize,nagpur,Maharashtra,Nagpur
2025-06-12,2109.97,maize,nagpur,Maharashtra,Nagpur
2025-06-13,2103.66,maize,nagpur,Maharashtra,Nagpur
2025-06-14,2135.11,maize,nagpur,Maharashtra,Nagpur
2025-06-15,2145.1,maize,nagpur,Maharashtra,Nagpur
2025-06-16,2167.92,maize,nagpur,Maharashtra,Nagpur
2025-06-17,2144.44,maize,nagpur,Maharashtra,Nagpur
2025-06-18,2119.64,maize,nagpur,Maharashtra,Nagpur
2025-06-19,2104.54,maize,nagpur,Maharashtra,Nagpur
2025-06-20,2102.68,maize,nagpur,Maharashtra,Nagpur
2025-06-21,2110.76,maize,nagpur,Maharashtra,Nagpur
2025-06-22,2093.72,maize,nagpur,Maharashtra,Nagpur
2025-06-23,2084.46,maize,nagpur,Maharashtra,Nagpur
2025-06-24,2088.22,maize,nagpur,Maharashtra,Nagpur
2025-06-25,2042.62,maize,nagpur,Maharashtra,Nagpur
2025-06-26,2010.02,maize,nagpur,Maharashtra,Nagpur
2025-06-27,2026.4,maize,nagpur,Maharashtra,Nagpur
2025-06-28,2033.05,maize,nagpur,Maharashtra,Nagpur
2025-06-29,2017.61,maize,nagpur,Maharashtra,Nagpur
2025-06-30,2038.89,maize,nagpur,Maharashtra,Nagpur
2025-07-01,2034.28,maize,nagpur,Maharashtra,Nagpur
2025-07-02,2015.75,maize,nagpur,Maharashtra,Nagpur
2025-07-03,2012.8,maize,nagpur,Maharashtra,Nagpur
2025-07-04,1997.6,maize,nagpur,Maharashtra,Nagpur
2025-07-05,2040.03,maize,nagpur,Maharashtra,Nagpur
2025-07-06,2055.43,maize,nagpur,Maharashtra,Nagpur
2025-07-07,2066.64,maize,nagpur,Maharashtra,Nagpur
2025-07-08,2083.52,maize,nagpur,Maharashtra,Nagpur
2025-07-09,2085.57,maize,nagpur,Maharashtra,Nagpur
2025-07-10,2089.47,maize,nagpur,Maharashtra,Nagpur
2025-07-11,2096.05,maize,nagpur,Maharashtra,Nagpur
2025-07-12,2100.46,maize,nagpur,Maharashtra,Nagpur
2025-07-13,2125.72,maize,nagpur,Maharashtra,Nagpur
2025-07-14,2137.71,maize,nagpur,Maharashtra,Nagpur
2025-07-15,2121.46,maize,nagpur,Maharashtra,Nagpur
2025-07-16,2104.8,maize,nagpur,Maharashtra,Nagpur
2025-07-17,2099.82,maize,nagpur,Maharashtra,Nagpur
2025-07-18,2086.84,maize,nagpur,Maharashtra,Nagpur
2025-07-19,2084.93,maize,nagpur,Maharashtra,Nagpur
2025-07-20,2093.03,maize,nagpur,Maharashtra,Nagpur
2025-07-21,2097.92,maize,nagpur,Maharashtra,Nagpur
2025-07-22,2068.46,maize,nagpur,Maharashtra,Nagpur
2025-07-23,2044.23,maize,nagpur,Maharashtra,Nagpur
2025-07-24,2025.78,maize,nagpur,Maharashtra,Nagpur
2025-07-25,2004.54,maize,nagpur,Maharashtra,Nagpur
2025-07-26,2020.98,maize,nagpur,Maharashtra,Nagpur
2025-07-27,2020.72,maize,nagpur,Maharashtra,Nagpur
2025-07-28,1996.82,maize,nagpur,Maharashtra,Nagpur
2025-07-29,2013.26,maize,nagpur,Maharashtra,Nagpur
2025-07-30,1970.66,maize,nagpur,Maharashtra,Nagpur
2025-07-31,1945.79,maize,nagpur,Maharashtra,Nagpur
2025-08-01,1957.7,maize,nagpur,Maharashtra,Nagpur
2025-08-02,1975.45,maize,nagpur,Maharashtra,Nagpur
2025-08-03,2007.88,maize,nagpur,Maharashtra,Nagpur
2025-08-04,2014.69,maize,nagpur,Maharashtra,Nagpur
2025-08-05,2012.86,maize,nagpur,Maharashtra,Nagpur
2025-08-06,2018.36,maize,nagpur,Maharashtra,Nagpur
2025-08-07,2015.4,maize,nagpur,Maharashtra,Nagpur
2025-08-08,2028.73,maize,nagpur,Maharashtra,Nagpur
2025-08-09,2053.56,maize,nagpur,Maharashtra,Nagpur
2025-08-10,2078.77,maize,nagpur,Maharashtra,Nagpur
2025-08-11,2056.8,maize,nagpur,Maharashtra,Nagpur
2025-08-12,2073.45,maize,nagpur,Maharashtra,Nagpur
2025-08-13,2039.42,maize,nagpur,Maharashtra,Nagpur
2025-08-14,2057.37,maize,nagpur,Maharashtra,Nagpur
2025-08-15,2059.06,maize,nagpur,Maharashtra,Nagpur
2025-08-16,2082.06,maize,nagpur,Maharashtra,Nagpur
2025-08-17,2091.87,maize,nagpur,Maharashtra,Nagpur
2025-08-18,2075.48,maize,nagpur,Maharashtra,Nagpur
2025-08-19,2047.48,maize,nagpur,Maharashtra,Nagpur
2025-08-20,2032.45,maize,nagpur,Maharashtra,Nagpur
2025-08-21,1998.35,maize,nagpur,Maharashtra,Nagpur
2025-08-22,1995.44,maize,nagpur,Maharashtra,Nagpur
2025-08-23,2008.67,maize,nagpur,Maharashtra,Nagpur
2025-08-24,1992.03,maize,nagpur,Maharashtra,Nagpur
2025-08-25,2000.66,maize,nagpur,Maharashtra,Nagpur
2025-08-26,1979.59,maize,nagpur,Maharashtra,Nagpur
2025-08-27,1936.4,maize,nagpur,Maharashtra,Nagpur
2025-08-28,1943.9,maize,nagpur,Maharashtra,Nagpur
2025-08-29,1940.46,maize,nagpur,Maharashtra,Nagpur
2025-08-30,1946.17,maize,nagpur,Maharashtra,Nagpur
2025-08-31,1951.06,maize,nagpur,Maharashtra,Nagpur
2025-09-01,1956.86,maize,nagpur,Maharashtra,Nagpur
2025-09-02,1956.56,maize,nagpur,Maharashtra,Nagpur
2025-09-03,1961.28,maize,nagpur,Maharashtra,Nagpur
2025-09-04,1942.36,maize,nagpur,Maharashtra,Nagpur
2025-09-05,1972.35,maize,nagpur,Maharashtra,Nagpur
2025-09-06,1976.57,maize,nagpur,Maharashtra,Nagpur
2025-09-07,2013.4,maize,nagpur,Maharashtra,Nagpur
2025-09-08,2030.47,maize,nagpur,Maharashtra,Nagpur
2025-09-09,2057.62,maize,nagpur,Maharashtra,Nagpur
2025-09-10,2003.59,maize,nagpur,Maharashtra,Nagpur
2025-09-11,2033.73,maize,nagpur,Maharashtra,Nagpur
2025-09-12,2024.96,maize,nagpur,Maharashtra,Nagpur
2025-09-13,2043.52,maize,nagpur,Maharashtra,Nagpur
2025-09-14,2053.05,maize,nagpur,Maharashtra,Nagpur
2025-09-15,2057.04,maize,nagpur,Maharashtra,Nagpur
2025-09-16,2034.45,maize,nagpur,Maharashtra,Nagpur
2025-09-17,2030.39,maize,nagpur,Maharashtra,Nagpur
2025-09-18,1988.21,maize,nagpur,Maharashtra,Nagpur
2025-09-19,1999.85,maize,nagpur,Maharashtra,Nagpur
2025-09-20,1980.74,maize,nagpur,Maharashtra,Nagpur
2025-09-21,1989.47,maize,nagpur,Maharashtra,Nagpur
2025-09-22,1968.48,maize,nagpur,Maharashtra,Nagpur
2025-09-23,1965.25,maize,nagpur,Maharashtra,Nagpur
2025-09-24,1950.7,maize,nagpur,Maharashtra,Nagpur
2025-09-25,1913.31,maize,nagpur,Maharashtra,Nagpur
2025-09-26,1907.77,maize,nagpur,Maharashtra,Nagpur
2025-09-27,1905.36,maize,nagpur,Maharashtra,Nagpur
2025-09-28,1926.88,maize,nagpur,Maharashtra,Nagpur
2025-09-29,1913.24,maize,nagpur,Maharashtra,Nagpur
2025-09-30,1913.31,maize,nagpur,Maharashtra,Nagpur
2025-10-01,1915.32,maize,nagpur,Maharashtra,Nagpur
2025-10-02,1924.75,maize,nagpur,Maharashtra,Nagpur
2025-10-03,1953.98,maize,nagpur,Maharashtra,Nagpur
2025-10-04,1936.6,maize,nagpur,Maharashtra,Nagpur
2025-10-05,1985.24,maize,nagpur,Maharashtra,Nagpur
2025-10-06,1985.24,maize,nagpur,Maharashtra,Nagpur
2025-10-07,1981.61,maize,nagpur,Maharashtra,Nagpur
2025-10-08,1983.36,maize,nagpur,Maharashtra,Nagpur
2025-10-09,1978.59,maize,nagpur,Maharashtra,Nagpur
2025-10-10,1990.67,maize,nagpur,Maharashtra,Nagpur
2025-10-11,2004.78,maize,nagpur,Maharashtra,Nagpur
2025-10-12,2011.18,maize,nagpur,Maharashtra,Nagpur
2025-10-13,2014.85,maize,nagpur,Maharashtra,Nagpur
2025-10-14,2031.05,maize,nagpur,Maharashtra,Nagpur
2025-10-15,2001.47,maize,nagpur,Maharashtra,Nagpur
2025-10-16,1982.85,maize,nagpur,Maharashtra,Nagpur
2025-10-17,1986.47,maize,nagpur,Maharashtra,Nagpur
2025-10-18,2001.1,maize,nagpur,Maharashtra,Nagpur
2025-10-19,1997.54,maize,nagpur,Maharashtra,Nagpur
2025-10-20,1979.76,maize,nagpur,Maharashtra,Nagpur
2025-10-21,1980.92,maize,nagpur,Maharashtra,Nagpur
2025-10-22,1957.87,maize,nagpur,Maharashtra,Nagpur
2025-10-23,1923.98,maize,nagpur,Maharashtra,Nagpur
2025-10-24,1923.07,maize,nagpur,Maharashtra,Nagpur
2025-10-25,1931.67,maize,nagpur,Maharashtra,Nagpur
2025-10-26,1937.51,maize,nagpur,Maharashtra,Nagpur
2025-10-27,1930.02,maize,nagpur,Maharashtra,Nagpur
2025-10-28,1917.63,maize,nagpur,Maharashtra,Nagpur
2025-10-29,1901.01,maize,nagpur,Maharashtra,Nagpur
2025-10-30,1874.24,maize,nagpur,Maharashtra,Nagpur
2025-10-31,1903.97,maize,nagpur,Maharashtra,Nagpur
2025-11-01,1900.16,maize,nagpur,Maharashtra,Nagpur
2025-11-02,1929.57,maize,nagpur,Maharashtra,Nagpur
2025-11-03,1968.26,maize,nagpur,Maharashtra,Nagpur
2025-11-04,1964.01,maize,nagpur,Maharashtra,Nagpur
2025-11-05,1967.73,maize,nagpur,Maharashtra,Nagpur
2025-11-06,1948.48,maize,nagpur,Maharashtra,Nagpur
2025-11-07,1952.51,maize,nagpur,Maharashtra,Nagpur
2025-11-08,1987.7,maize,nagpur,Maharashtra,Nagpur
2025-11-09,2014.67,maize,nagpur,Maharashtra,Nagpur
2025-11-10,2024.9,maize,nagpur,Maharashtra,Nagpur
2025-11-11,2032.79,maize,nagpur,Maharashtra,Nagpur
2025-11-12,2001.94,maize,nagpur,Maharashtra,Nagpur
2025-11-13,2001.12,maize,nagpur,Maharashtra,Nagpur
2025-11-14,1986.49,maize,nagpur,Maharashtra,Nagpur
2025-11-15,2013.56,maize,nagpur,Maharashtra,Nagpur
2025-11-16,2015.93,maize,nagpur,Maharashtra,Nagpur
2025-11-17,2002.29,maize,nagpur,Maharashtra,Nagpur
2025-11-18,1989.24,maize,nagpur,Maharashtra,Nagpur
2025-11-19,1963.81,maize,nagpur,Maharashtra,Nagpur
2025-11-20,1942.14,maize,nagpur,Maharashtra,Nagpur
2025-11-21,1959.24,maize,nagpur,Maharashtra,Nagpur
2025-11-22,1940.53,maize,nagpur,Maharashtra,Nagpur
2025-11-23,1943.51,maize,nagpur,Maharashtra,Nagpur
2025-11-24,1916.84,maize,nagpur,Maharashtra,Nagpur
2025-11-25,1915.45,maize,nagpur,Maharashtra,Nagpur
2025-11-26,1903.41,maize,nagpur,Maharashtra,Nagpur
2025-11-27,1886.93,maize,nagpur,Maharashtra,Nagpur
2025-11-28,1915.96,maize,nagpur,Maharashtra,Nagpur
2025-11-29,1914.63,maize,nagpur,Maharashtra,Nagpur
2025-11-30,1951.61,maize,nagpur,Maharashtra,Nagpur
2025-12-01,1947.94,maize,nagpur,Maharashtra,Nagpur
2025-12-02,1947.29,maize,nagpur,Maharashtra,Nagpur
2025-12-03,1940.98,maize,nagpur,Maharashtra,Nagpur
2025-12-04,1944.18,maize,nagpur,Maharashtra,Nagpur
2025-12-05,1980.59,maize,nagpur,Maharashtra,Nagpur
2025-12-06,1958.57,maize,nagpur,Maharashtra,Nagpur
2025-12-07,1988.36,maize,nagpur,Maharashtra,Nagpur
2025-12-08,2020.28,maize,nagpur,Maharashtra,Nagpur
2025-12-09,2026.79,maize,nagpur,Maharashtra,Nagpur
2025-12-10,2027.06,maize,nagpur,Maharashtra,Nagpur
2025-12-11,2020.45,maize,nagpur,Maharashtra,Nagpur
2025-12-12,2017.11,maize,nagpur,Maharashtra,Nagpur
2025-12-13,2049.12,maize,nagpur,Maharashtra,Nagpur
2025-12-14,2062.06,maize,nagpur,Maharashtra,Nagpur
2025-12-15,2051.85,maize,nagpur,Maharashtra,Nagpur
2025-12-16,2045.86,maize,nagpur,Maharashtra,Nagpur
2025-12-17,2014.6,maize,nagpur,Maharashtra,Nagpur
2025-12-18,1986.11,maize,nagpur,Maharashtra,Nagpur
2025-12-19,1994.99,maize,nagpur,Maharashtra,Nagpur
2025-12-20,1991.83,maize,nagpur,Maharashtra,Nagpur
2025-12-21,1994.43,maize,nagpur,Maharashtra,Nagpur
2025-12-22,2005.92,maize,nagpur,Maharashtra,Nagpur
2025-12-23,1940.44,maize,nagpur,Maharashtra,Nagpur
2025-12-24,1930.01,maize,nagpur,Maharashtra,Nagpur
2025-12-25,1917.62,maize,nagpur,Maharashtra,Nagpur
2025-12-26,1927.68,maize,nagpur,Maharashtra,Nagpur
2025-12-27,1942.05,maize,nagpur,Maharashtra,Nagpur
2025-12-28,1942.49,maize,nagpur,Maharashtra,Nagpur
2025-12-29,1956.04,maize,nagpur,Maharashtra,Nagpur
2025-12-30,1953.91,maize,nagpur,Maharashtra,Nagpur
2025-12-31,1986.32,maize,nagpur,Maharashtra,Nagpur
2026-01-01,1978.73,maize,nagpur,Maharashtra,Nagpur
2026-01-02,1967.09,maize,nagpur,Maharashtra,Nagpur
2026-01-03,1994.18,maize,nagpur,Maharashtra,Nagpur
2026-01-04,2011.78,maize,nagpur,Maharashtra,Nagpur
2026-01-05,2019.12,maize,nagpur,Maharashtra,Nagpur
2026-01-06,2043.36,maize,nagpur,Maharashtra,Nagpur
2026-01-07,2028.69,maize,nagpur,Maharashtra,Nagpur
2026-01-08,2040.03,maize,nagpur,Maharashtra,Nagpur
2026-01-09,2033.67,maize,nagpur,Maharashtra,Nagpur
2026-01-10,2064.08,maize,nagpur,Maharashtra,Nagpur
2026-01-11,2093.09,maize,nagpur,Maharashtra,Nagpur
2026-01-12,2100.8,maize,nagpur,Maharashtra,Nagpur
2026-01-13,2090.93,maize,nagpur,Maharashtra,Nagpur
2026-01-14,2051.43,maize,nagpur,Maharashtra,Nagpur
2026-01-15,2062.7,maize,nagpur,Maharashtra,Nagpur
2026-01-16,2039.44,maize,nagpur,Maharashtra,Nagpur
2026-01-17,2062.44,maize,nagpur,Maharashtra,Nagpur
2026-01-18,2059.55,maize,nagpur,Maharashtra,Nagpur
2026-01-19,2036.9,maize,nagpur,Maharashtra,Nagpur
2026-01-20,2030.17,maize,nagpur,Maharashtra,Nagpur
2026-01-21,2013.51,maize,nagpur,Maharashtra,Nagpur
2026-01-22,1998.52,maize,nagpur,Maharashtra,Nagpur
2026-01-23,1986.14,maize,nagpur,Maharashtra,Nagpur
2026-01-24,2015.27,maize,nagpur,Maharashtra,Nagpur
2026-01-25,2020.12,maize,nagpur,Maharashtra,Nagpur
2026-01-26,2007.8,maize,nagpur,Maharashtra,Nagpur
2026-01-27,2011.9,maize,nagpur,Maharashtra,Nagpur
2026-01-28,2014.65,maize,nagpur,Maharashtra,Nagpur
2026-01-29,2011.68,maize,nagpur,Maharashtra,Nagpur
2026-01-30,1985.43,maize,nagpur,Maharashtra,Nagpur
2026-01-31,2013.45,maize,nagpur,Maharashtra,Nagpur
2026-02-01,2068.2,maize,nagpur,Maharashtra,Nagpur
2026-02-02,2053.89,maize,nagpur,Maharashtra,Nagpur
2026-02-03,2054.2,maize,nagpur,Maharashtra,Nagpur
2026-02-04,2061.85,maize,nagpur,Maharashtra,Nagpur
2026-02-05,2075.72,maize,nagpur,Maharashtra,Nagpur
2026-02-06,2084.68,maize,nagpur,Maharashtra,Nagpur
2026-02-07,2102.52,maize,nagpur,Maharashtra,Nagpur
2026-02-08,2124.86,maize,nagpur,Maharashtra,Nagpur
2026-02-09,2134.36,maize,nagpur,Maharashtra,Nagpur
2026-02-10,2126.8,maize,nagpur,Maharashtra,Nagpur
2026-02-11,2150.91,maize,nagpur,Maharashtra,Nagpur
2026-02-12,2116.77,maize,nagpur,Maharashtra,Nagpur
2026-02-13,2124.44,maize,nagpur,Maharashtra,Nagpur
2026-02-14,2117.03,maize,nagpur,Maharashtra,Nagpur
2026-02-15,2127.99,maize,nagpur,Maharashtra,Nagpur
2026-02-16,2116.96,maize,nagpur,Maharashtra,Nagpur
2026-02-17,2074.81,maize,nagpur,Maharashtra,Nagpur
2026-02-18,2064.82,maize,nagpur,Maharashtra,Nagpur
2026-02-19,2040.23,maize,nagpur,Maharashtra,Nagpur
2026-02-20,2029.27,maize,nagpur,Maharashtra,Nagpur
2026-02-21,2047.8,maize,nagpur,Maharashtra,Nagpur
2026-02-22,2085.33,maize,nagpur,Maharashtra,Nagpur
2026-02-23,2067.37,maize,nagpur,Maharashtra,Nagpur
2026-02-24,2070.71,maize,nagpur,Maharashtra,Nagpur
2026-02-25,2043.89,maize,nagpur,Maharashtra,Nagpur
2026-02-26,2040.34,maize,nagpur,Maharashtra,Nagpur
2026-02-27,2027.72,maize,nagpur,Maharashtra,Nagpur
2026-02-28,2065.28,maize,nagpur,Maharashtra,Nagpur
2026-03-01,2090.28,maize,nagpur,Maharashtra,Nagpur
2026-03-02,2088.33,maize,nagpur,Maharashtra,Nagpur
2026-03-03,2103.86,maize,nagpur,Maharashtra,Nagpur
2026-03-04,2100.93,maize,nagpur,Maharashtra,Nagpur
2026-03-05,2090.9,maize,nagpur,Maharashtra,Nagpur
2026-03-06,2100.59,maize,nagpur,Maharashtra,Nagpur
2026-03-07,2126.5,maize,nagpur,Maharashtra,Nagpur
2026-03-08,2167.41,maize,nagpur,Maharashtra,Nagpur
2026-03-09,2183.93,maize,nagpur,Maharashtra,Nagpur
2026-03-10,2169.12,maize,nagpur,Maharashtra,Nagpur
2026-03-11,2169.6,maize,nagpur,Maharashtra,Nagpur
2026-03-12,2170.35,maize,nagpur,Maharashtra,Nagpur
2026-03-13,2175.96,maize,nagpur,Maharashtra,Nagpur
2026-03-14,2200.4,maize,nagpur,Maharashtra,Nagpur
2026-03-15,2208.03,maize,nagpur,Maharashtra,Nagpur
2026-03-16,2178.93,maize,nagpur,Maharashtra,Nagpur
2026-03-17,2194.37,maize,nagpur,Maharashtra,Nagpur
2026-03-18,2143.7,maize,nagpur,Maharashtra,Nagpur
2026-03-19,2143.41,maize,nagpur,Maharashtra,Nagpur
2026-03-20,2125.18,maize,nagpur,Maharashtra,Nagpur
2026-03-21,2123.5,maize,nagpur,Maharashtra,Nagpur
2026-03-22,2111.31,maize,nagpur,Maharashtra,Nagpur
2026-03-23,2125.86,maize,nagpur,Maharashtra,Nagpur
2026-03-24,2092.31,maize,nagpur,Maharashtra,Nagpur
2026-03-25,2101.62,maize,nagpur,Maharashtra,Nagpur
2026-03-26,2095.14,maize,nagpur,Maharashtra,Nagpur
2026-03-27,2069.79,maize,nagpur,Maharashtra,Nagpur
2026-03-28,2098.36,maize,nagpur,Maharashtra,Nagpur
2026-03-29,2103.79,maize,nagpur,Maharashtra,Nagpur
2026-03-30,2114.37,maize,nagpur,Maharashtra,Nagpur
2026-03-31,2129.48,maize,nagpur,Maharashtra,Nagpur
2026-04-01,2113.88,maize,nagpur,Maharashtra,Nagpur
2026-04-02,2136.64,maize,nagpur,Maharashtra,Nagpur
2026-04-03,2125.58,maize,nagpur,Maharashtra,Nagpur
